dt_s,pos_x,pos_y,pos_z,roll,pitch,yaw,tgt_x,tgt_y,tgt_z,tgt_yaw,err_x_world,err_y_world,err_z,pos_error_3d
0.1,0.3882,0.4399,0.824,0.04259,-0.00913,0.10012,0.0,0.0,2.0,0.0,-0.3882,-0.4399,1.176,1.3143
0.095832,0.3895,0.4386,0.8226,0.00894,-0.00827,0.09865,0.0,0.0,2.0,0.0,-0.3895,-0.4386,1.1774,1.3154
0.1,0.3915,0.4374,0.8209,-0.00917,-0.01871,0.10324,0.0,0.0,2.0,0.0,-0.3915,-0.4374,1.1791,1.3171
0.1,0.3936,0.4371,0.8204,-0.00999,-0.01967,0.09924,0.0,0.0,2.0,0.0,-0.3936,-0.4371,1.1796,1.3181
0.099379,0.3963,0.4374,0.8204,0.04182,-0.00805,0.10244,0.0,0.0,2.0,0.0,-0.3963,-0.4374,1.1796,1.319
0.1,0.398,0.4373,0.8201,-0.00411,-0.02119,0.10049,0.0,0.0,2.0,0.0,-0.398,-0.4373,1.1799,1.3198
0.1,0.4004,0.4377,0.8207,0.02576,-0.01438,0.10133,0.0,0.0,2.0,0.0,-0.4004,-0.4377,1.1793,1.3201
0.097381,0.4023,0.4383,0.8219,0.02577,-0.0093,0.09316,0.0,0.0,2.0,0.0,-0.4023,-0.4383,1.1781,1.3198
0.1,0.4038,0.4374,0.8231,0.00597,-0.01452,0.08725,0.0,0.0,2.0,0.0,-0.4038,-0.4374,1.1769,1.3189
0.1,0.4062,0.4386,0.8247,-0.03086,-0.03447,0.09439,0.0,0.0,2.0,0.0,-0.4062,-0.4386,1.1753,1.3186
0.1,0.4078,0.4388,0.827,-0.00022,-0.02144,0.1046,0.0,0.0,2.0,0.0,-0.4078,-0.4388,1.173,1.3171
0.1,0.4096,0.4397,0.8302,0.0232,-0.01051,0.09716,0.0,0.0,2.0,0.0,-0.4096,-0.4397,1.1698,1.3152
0.092649,0.4113,0.4392,0.8328,0.03609,-0.01764,0.09793,0.0,0.0,2.0,0.0,-0.4113,-0.4392,1.1672,1.3132
0.1,0.413,0.4401,0.8347,0.01131,-0.02591,0.10859,0.0,0.0,2.0,0.0,-0.413,-0.4401,1.1653,1.3123
0.091425,0.4144,0.441,0.838,0.02709,-0.01266,0.09318,0.0,0.0,2.0,0.0,-0.4144,-0.441,1.162,1.3101
0.1,0.4145,0.4398,0.8419,0.0232,-0.03816,0.09963,0.0,0.0,2.0,0.0,-0.4145,-0.4398,1.1581,1.3063
0.099991,0.4117,0.4358,0.8539,0.08114,-0.06078,0.09239,0.0,0.0,2.0,0.0,-0.4117,-0.4358,1.1461,1.2934
0.1,0.4038,0.4257,0.8727,0.0964,-0.07713,0.08659,0.0,0.0,2.0,0.0,-0.4038,-0.4257,1.1273,1.2709
0.098595,0.3935,0.3756,0.9142,-0.48434,-0.35724,2.1283,0.0,0.0,2.0,0.0,-0.3935,-0.3756,1.0858,1.2144
0.1,0.369,0.3844,0.9275,0.07572,-0.08811,0.07888,0.0,0.0,2.0,0.0,-0.369,-0.3844,1.0725,1.1976
0.099181,0.3452,0.3568,0.9619,0.01345,-0.03283,0.01107,0.0,0.0,2.0,0.0,-0.3452,-0.3568,1.0381,1.1507
0.099648,0.3163,0.3267,0.9997,-0.02911,-0.0146,0.00612,0.0,0.0,2.0,0.0,-0.3163,-0.3267,1.0003,1.0988
0.099683,0.2911,0.2929,1.038,-0.0421,0.01541,0.00376,0.0,0.0,2.0,0.0,-0.2911,-0.2929,0.962,1.0469
0.1,0.2671,0.2614,1.0761,-0.04441,-0.01076,0.02052,0.0,0.0,2.0,0.0,-0.2671,-0.2614,0.9239,0.9966
0.1,0.2439,0.235,1.1152,-0.09728,-0.04341,0.01713,0.0,0.0,2.0,0.0,-0.2439,-0.235,0.8848,0.9474
0.098459,0.2213,0.2122,1.1557,-0.07302,-0.04947,0.02516,0.0,0.0,2.0,0.0,-0.2213,-0.2122,0.8443,0.8983
0.1,0.1985,0.1944,1.1955,-0.0486,-0.01755,0.01948,0.0,0.0,2.0,0.0,-0.1985,-0.1944,0.8045,0.8511
0.099761,0.175,0.1793,1.2362,0.00084,-0.00152,0.03378,0.0,0.0,2.0,0.0,-0.175,-0.1793,0.7638,0.8039
0.1,0.1543,0.1636,1.2768,0.01016,-0.02159,0.04215,0.0,0.0,2.0,0.0,-0.1543,-0.1636,0.7232,0.7574
0.099559,0.1354,0.1476,1.3161,-0.01334,-0.00612,0.03024,0.0,0.0,2.0,0.0,-0.1354,-0.1476,0.6839,0.7126
0.1,0.1188,0.1314,1.3562,-0.01664,0.01736,0.03274,0.0,0.0,2.0,0.0,-0.1188,-0.1314,0.6438,0.6677
0.098409,0.1058,0.1158,1.3947,-0.02576,0.00753,0.03759,0.0,0.0,2.0,0.0,-0.1058,-0.1158,0.6053,0.6253
0.099495,0.095,0.1017,1.4328,-0.04043,0.00443,0.03611,0.0,0.0,2.0,0.0,-0.095,-0.1017,0.5672,0.584
0.09909,0.088,0.0911,1.4629,-0.01903,0.00316,0.03625,0.0,0.0,2.0,0.0,-0.088,-0.0911,0.5371,0.5518
0.1,0.0806,0.0783,1.5042,-0.01643,-0.00769,0.03403,0.0,0.0,2.0,0.0,-0.0806,-0.0783,0.4958,0.5084
0.1,0.0748,0.068,1.5417,-0.02153,-0.00405,0.03115,0.0,0.0,2.0,0.0,-0.0748,-0.068,0.4583,0.4693
0.1,0.0683,0.0571,1.5858,-0.02097,-0.01006,0.03679,0.0,0.0,2.0,0.0,-0.0683,-0.0571,0.4142,0.4236
0.0978,0.0661,0.0607,1.6082,0.00605,-0.01512,0.06706,0.0,0.0,2.0,0.0,-0.0661,-0.0607,0.3918,0.4019
0.1,0.0608,0.0564,1.6443,-0.0116,-0.00145,0.04154,0.0,0.0,2.0,0.0,-0.0608,-0.0564,0.3557,0.3653
0.093935,0.0566,0.0508,1.6807,0.01572,-0.01154,0.0398,0.0,0.0,2.0,0.0,-0.0566,-0.0508,0.3193,0.3282
0.1,0.0547,0.0401,1.7258,0.03824,-0.01712,0.04479,0.0,0.0,2.0,0.0,-0.0547,-0.0401,0.2742,0.2825
0.1,0.0515,0.0324,1.7591,0.0047,0.00776,0.04164,0.0,0.0,2.0,0.0,-0.0515,-0.0324,0.2409,0.2485
0.095518,0.0469,0.0261,1.7935,-0.02909,-0.00528,0.03133,0.0,0.0,2.0,0.0,-0.0469,-0.0261,0.2065,0.2133
0.081455,0.0443,0.0194,1.828,-0.03839,0.00814,0.04371,0.0,0.0,2.0,0.0,-0.0443,-0.0194,0.172,0.1787
0.098894,0.041,0.0165,1.8605,-0.0109,0.0141,0.04487,1.0,1.0,3.0,-1.5,0.959,0.9835,1.1395,1.7848
0.099381,0.0403,0.0142,1.8889,-0.0091,0.01108,0.04149,1.0,1.0,3.0,-1.5,0.9597,0.9858,1.1111,1.7684
0.1,0.0417,0.0136,1.9172,0.01181,-0.01211,-0.02328,1.0,1.0,3.0,-1.5,0.9583,0.9864,1.0828,1.7503
0.098834,0.0427,0.0169,1.9464,-0.01791,0.00675,-0.09382,1.0,1.0,3.0,-1.5,0.9573,0.9831,1.0536,1.73
0.099797,0.0465,0.0186,1.9783,0.00369,-0.0015,-0.14301,1.0,1.0,3.0,-1.5,0.9535,0.9814,1.0217,1.7077
0.1,0.0511,0.0226,2.0109,-0.00441,0.00614,-0.212,1.0,1.0,3.0,-1.5,0.9489,0.9774,0.9891,1.6834
0.1,0.0567,0.0273,2.0444,0.00501,0.00322,-0.27274,1.0,1.0,3.0,-1.5,0.9433,0.9727,0.9556,1.6581
0.1,0.0644,0.0329,2.079,0.00326,0.01745,-0.33891,1.0,1.0,3.0,-1.5,0.9356,0.9671,0.921,1.6306
0.099871,0.0731,0.0335,2.1211,-0.01592,0.20031,-0.26993,1.0,1.0,3.0,-1.5,0.9269,0.9665,0.8789,1.6018
0.1,0.0843,0.0448,2.15,0.00881,0.02438,-0.45986,1.0,1.0,3.0,-1.5,0.9157,0.9552,0.85,1.5727
0.1,0.0981,0.0495,2.191,0.0155,-0.0065,-0.52401,1.0,1.0,3.0,-1.5,0.9019,0.9505,0.809,1.5399
0.090692,0.1084,0.0547,2.223,0.01583,-0.00251,-0.58459,1.0,1.0,3.0,-1.5,0.8916,0.9453,0.777,1.514
0.1,0.1227,0.0585,2.2631,0.02139,-0.00833,-0.64647,1.0,1.0,3.0,-1.5,0.8773,0.9415,0.7369,1.4829
0.085539,0.1342,0.0605,2.2949,0.01409,0.03935,-0.71188,1.0,1.0,3.0,-1.5,0.8658,0.9395,0.7051,1.4592
0.1,0.1465,0.063,2.3304,0.00095,0.00973,-0.77166,1.0,1.0,3.0,-1.5,0.8535,0.937,0.6696,1.4334
0.1,0.159,0.0639,2.3655,0.04012,-0.01329,-0.81685,1.0,1.0,3.0,-1.5,0.841,0.9361,0.6345,1.4093
0.1,0.1724,0.0646,2.4032,0.02067,0.00124,-0.88923,1.0,1.0,3.0,-1.5,0.8276,0.9354,0.5968,1.3842
0.1,0.1842,0.065,2.4367,0.02336,-0.01359,-0.94825,1.0,1.0,3.0,-1.5,0.8158,0.935,0.5633,1.3627
0.1,0.1948,0.0643,2.4696,0.01485,-0.02106,-0.98293,1.0,1.0,3.0,-1.5,0.8052,0.9357,0.5304,1.3437
0.099251,0.2042,0.0628,2.5019,0.01554,-0.02299,-1.01899,1.0,1.0,3.0,-1.5,0.7958,0.9372,0.4981,1.3265
0.1,0.213,0.0608,2.5336,0.01603,-0.00891,-1.05537,1.0,1.0,3.0,-1.5,0.787,0.9392,0.4664,1.3111
0.096096,0.2206,0.0575,2.5648,0.01745,-0.00316,-1.0933,1.0,1.0,3.0,-1.5,0.7794,0.9425,0.4352,1.2981
0.1,0.2272,0.0539,2.5957,0.01261,-0.04139,-1.11749,1.0,1.0,3.0,-1.5,0.7728,0.9461,0.4043,1.2868
0.096839,0.2324,0.0503,2.6262,0.0015,0.01276,-1.14235,1.0,1.0,3.0,-1.5,0.7676,0.9497,0.3738,1.2771
0.098945,0.2375,0.0453,2.6563,0.01663,-0.00769,-1.174,1.0,1.0,3.0,-1.5,0.7625,0.9547,0.3437,1.2693
0.099533,0.2411,0.0399,2.6853,0.01032,-0.00901,-1.1926,1.0,1.0,3.0,-1.5,0.7589,0.9601,0.3147,1.2636
0.1,0.2439,0.0342,2.7147,0.00578,-0.01475,-1.21499,1.0,1.0,3.0,-1.5,0.7561,0.9658,0.2853,1.2593
0.099871,0.2457,0.0286,2.7441,0.01965,-0.01398,-1.23055,1.0,1.0,3.0,-1.5,0.7543,0.9714,0.2559,1.2562
0.099445,0.2474,0.0231,2.7724,0.01655,-0.01677,-1.2434,1.0,1.0,3.0,-1.5,0.7526,0.9769,0.2276,1.254
0.1,0.2482,0.0178,2.8006,0.00968,-0.01269,-1.26188,1.0,1.0,3.0,-1.5,0.7518,0.9822,0.1994,1.2528
0.098423,0.249,0.0122,2.8262,0.00191,0.0023,-1.2792,1.0,1.0,3.0,-1.5,0.751,0.9878,0.1738,1.253
0.1,0.2512,0.0102,2.8477,-0.04743,0.01891,-1.28858,1.0,1.0,3.0,-1.5,0.7488,0.9898,0.1523,1.2504
0.096905,0.2572,0.0139,2.8651,-0.1277,0.07331,-1.29857,1.0,1.0,3.0,-1.5,0.7428,0.9861,0.1349,1.2419
0.1,0.2689,0.0264,2.8789,-0.12795,0.11455,-1.31493,1.0,1.0,3.0,-1.5,0.7311,0.9736,0.1211,1.2236
0.097657,0.284,0.0448,2.8884,-0.13617,0.09383,-1.32027,1.0,1.0,3.0,-1.5,0.716,0.9552,0.1116,1.199
0.1,0.3126,0.0818,2.8972,-0.13546,0.10977,-1.33299,1.0,1.0,3.0,-1.5,0.6874,0.9182,0.1028,1.1516
0.095843,0.3427,0.1208,2.9008,-0.11419,0.12956,-1.34569,1.0,1.0,3.0,-1.5,0.6573,0.8792,0.0992,1.1022
0.1,0.3877,0.1788,2.9026,-0.125,0.08918,-1.34754,1.0,1.0,3.0,-1.5,0.6123,0.8212,0.0974,1.029
0.1,0.4354,0.2418,2.9008,-0.12292,0.09792,-1.36233,1.0,1.0,3.0,-1.5,0.5646,0.7582,0.0992,0.9505
0.1,0.4908,0.3835,2.8562,-0.11253,0.07996,-1.36849,1.0,1.0,3.0,-1.5,0.5092,0.6165,0.1438,0.8125
0.1,0.5468,0.4561,2.8517,-0.10979,0.08447,-1.37748,1.0,1.0,3.0,-1.5,0.4532,0.5439,0.1483,0.7233
0.1,0.6231,0.5003,2.8796,-0.07964,0.04368,-1.37834,1.0,1.0,3.0,-1.5,0.3769,0.4997,0.1204,0.6374
0.098058,0.6975,0.5947,2.8792,0.00171,-0.01699,-1.38874,1.0,1.0,3.0,-1.5,0.3025,0.4053,0.1208,0.52
0.1,0.7556,0.6562,2.8876,-0.01961,-0.04541,-1.40317,1.0,1.0,3.0,-1.5,0.2444,0.3438,0.1124,0.4365
0.094321,0.9113,0.6324,2.9932,0.04673,-0.14253,-1.40058,1.0,1.0,3.0,-1.5,0.0887,0.3676,0.0068,0.3782
0.081334,1.0429,0.628,3.0597,0.09396,-0.15826,-1.40949,1.0,1.0,3.0,-1.5,-0.0429,0.372,-0.0597,0.3792
0.1,1.1237,0.6545,3.0954,0.04538,-0.15128,-1.42649,1.0,1.0,3.0,-1.5,-0.1237,0.3455,-0.0954,0.3792
0.097769,0.9055,0.9958,2.8403,-0.04536,-0.13774,-1.4233,1.0,1.0,3.0,-1.5,0.0945,0.0042,0.1597,0.1856
0.099767,0.9055,0.9958,2.8403,-0.04536,-0.13774,-1.4233,-1.0,-1.0,3.0,-1.5,-1.9055,-1.9958,0.1597,2.764
0.1,0.9055,0.9958,2.8403,-0.04536,-0.13774,-1.4233,-1.0,-1.0,3.0,-1.5,-1.9055,-1.9958,0.1597,2.764
0.097842,0.9126,1.0847,2.9237,-0.6654,0.62644,-0.61587,-1.0,-1.0,3.0,-1.5,-1.9126,-2.0847,0.0763,2.8302
0.1,0.871,1.1289,2.8811,0.14706,-0.04506,-1.387,-1.0,-1.0,3.0,-1.5,-1.871,-2.1289,0.1189,2.8367
0.09273,0.8487,1.1416,2.8882,0.12531,-0.06321,-1.42609,-1.0,-1.0,3.0,-1.5,-1.8487,-2.1416,0.1118,2.8314
0.1,0.8159,1.1419,2.8984,0.12008,-0.05979,-1.41882,-1.0,-1.0,3.0,-1.5,-1.8159,-2.1419,0.1016,2.8099
0.097635,0.7808,1.1293,2.9089,0.12661,-0.08674,-1.41921,-1.0,-1.0,3.0,-1.5,-1.7808,-2.1293,0.0911,2.7773
0.099618,0.7386,1.2003,2.866,0.13791,-0.08777,-1.42295,-1.0,-1.0,3.0,-1.5,-1.7386,-2.2003,0.134,2.8075
0.09558,0.7003,1.0971,2.9141,0.13347,-0.08458,-1.41962,-1.0,-1.0,3.0,-1.5,-1.7003,-2.0971,0.0859,2.7012
0.1,0.6481,1.0426,2.9263,0.13035,-0.08054,-1.425,-1.0,-1.0,3.0,-1.5,-1.6481,-2.0426,0.0737,2.6256
0.1,0.598,0.9666,2.9479,0.12962,-0.08437,-1.42444,-1.0,-1.0,3.0,-1.5,-1.598,-1.9666,0.0521,2.5345
0.098182,0.5453,0.8635,2.9764,0.12992,-0.08676,-1.43128,-1.0,-1.0,3.0,-1.5,-1.5453,-1.8635,0.0236,2.421
0.094182,0.4904,0.8549,2.9498,0.14111,-0.07899,-1.44769,-1.0,-1.0,3.0,-1.5,-1.4904,-1.8549,0.0502,2.38
0.1,0.4171,0.7299,2.9671,3.08705,-1.04742,-2.07825,-1.0,-1.0,3.0,-1.5,-1.4171,-1.7299,0.0329,2.2365
0.1,0.3584,0.6596,2.9686,0.12335,-0.10286,-1.44169,-1.0,-1.0,3.0,-1.5,-1.3584,-1.6596,0.0314,2.1449
0.099066,0.2897,0.5695,2.9704,0.08285,-0.08234,-1.40406,-1.0,-1.0,3.0,-1.5,-1.2897,-1.5695,0.0296,2.0316
0.1,0.2151,0.5277,2.9404,0.04918,-0.04996,-1.42804,-1.0,-1.0,3.0,-1.5,-1.2151,-1.5277,0.0596,1.9529
0.093601,0.1495,0.3849,2.971,0.06139,-0.0685,-1.44932,-1.0,-1.0,3.0,-1.5,-1.1495,-1.3849,0.029,1.8001
0.1,0.0751,0.335,2.9429,0.11139,-0.09984,-1.4414,-1.0,-1.0,3.0,-1.5,-1.0751,-1.335,0.0571,1.715
0.096705,0.0011,0.1922,2.9731,0.11112,-0.1031,-1.42777,-1.0,-1.0,3.0,-1.5,-1.0011,-1.1922,0.0269,1.557
0.1,-0.0655,0.0908,2.9713,0.11253,-0.10784,-1.42916,-1.0,-1.0,3.0,-1.5,-0.9345,-1.0908,0.0287,1.4366
0.1,-0.1542,-0.0126,2.9752,0.11283,-0.08955,-1.43416,-1.0,-1.0,3.0,-1.5,-0.8458,-0.9874,0.0248,1.3004
0.099336,-0.2364,-0.1186,2.9752,0.12226,-0.07802,-1.42419,-1.0,-1.0,3.0,-1.5,-0.7636,-0.8814,0.0248,1.1664
0.1,-0.3205,-0.2282,2.9756,0.11743,-0.08479,-1.43633,-1.0,-1.0,3.0,-1.5,-0.6795,-0.7718,0.0244,1.0286
0.09919,-0.4104,-0.3408,2.9795,0.08346,-0.10372,-1.4507,-1.0,-1.0,3.0,-1.5,-0.5896,-0.6592,0.0205,0.8846
0.1,-0.4981,-0.4508,2.9806,0.05105,-0.05522,-1.45007,-1.0,-1.0,3.0,-1.5,-0.5019,-0.5492,0.0194,0.7442
0.1,-0.5811,-0.555,2.9812,-0.04911,0.06705,-1.4692,-1.0,-1.0,3.0,-1.5,-0.4189,-0.445,0.0188,0.6115
0.098163,-0.66,-0.6467,2.9843,-0.15332,0.11095,-1.45389,-1.0,-1.0,3.0,-1.5,-0.34,-0.3533,0.0157,0.4906
0.1,-0.7176,-0.7236,2.9829,-0.0565,0.10273,-1.45104,-1.0,-1.0,3.0,-1.5,-0.2824,-0.2764,0.0171,0.3955
0.098095,-0.7641,-0.7803,2.982,-0.0604,0.11771,-1.45665,-1.0,-1.0,3.0,-1.5,-0.2359,-0.2197,0.018,0.3229
0.1,-0.8034,-0.8269,2.9837,-0.09443,0.10163,-1.47124,-1.0,-1.0,3.0,-1.5,-0.1966,-0.1731,0.0163,0.2624
0.097648,-0.8341,-0.8586,2.9861,-0.06156,0.06726,-1.4643,-1.0,-1.0,3.0,-1.5,-0.1659,-0.1414,0.0139,0.2184
0.1,-0.8564,-0.8798,2.9882,-0.02144,0.0629,-1.46153,-1.0,-1.0,3.0,-1.5,-0.1436,-0.1202,0.0118,0.1876
0.1,-0.8699,-0.8909,2.9888,-0.02232,0.04962,-1.45451,0.0,0.0,1.0,-3.1,0.8699,0.8909,-1.9888,2.3464
0.097317,-0.8855,-0.9021,2.9883,-0.0046,0.00662,-1.45868,0.0,0.0,1.0,-3.1,0.8855,0.9021,-1.9883,2.3561
0.1,-0.8941,-0.9085,2.9832,-0.00686,-0.00335,-1.5117,0.0,0.0,1.0,-3.1,0.8941,0.9085,-1.9832,2.3575
0.1,-0.9008,-0.9121,2.9669,0.00122,0.00893,-1.58063,0.0,0.0,1.0,-3.1,0.9008,0.9121,-1.9669,2.3478
0.090783,-0.9051,-0.9151,2.9503,0.0149,0.00439,-1.62675,0.0,0.0,1.0,-3.1,0.9051,0.9151,-1.9503,2.3367
0.1,-0.9084,-0.9182,2.9253,0.03116,3e-05,-1.6837,0.0,0.0,1.0,-3.1,0.9084,0.9182,-1.9253,2.3184
0.098331,-0.9103,-0.9217,2.8965,0.03541,-0.01103,-1.74713,0.0,0.0,1.0,-3.1,0.9103,0.9217,-1.8965,2.2967
0.1,-0.91,-0.9254,2.8612,0.02147,0.01614,-1.80146,0.0,0.0,1.0,-3.1,0.91,0.9254,-1.8612,2.269
0.093985,-0.9074,-0.9302,2.8279,0.02149,0.03181,-1.86989,0.0,0.0,1.0,-3.1,0.9074,0.9302,-1.8279,2.2428
0.097782,-0.9034,-0.9348,2.7961,0.05662,-0.02176,-1.90292,0.0,0.0,1.0,-3.1,0.9034,0.9348,-1.7961,2.2172
0.1,-0.897,-0.9414,2.7622,0.0505,-0.01573,-1.99005,0.0,0.0,1.0,-3.1,0.897,0.9414,-1.7622,2.1901
0.098078,-0.8906,-0.949,2.7276,-0.02921,-0.03542,-2.03694,0.0,0.0,1.0,-3.1,0.8906,0.949,-1.7276,2.163
0.1,-0.8781,-0.9605,2.6942,0.03926,-0.01815,-2.09788,0.0,0.0,1.0,-3.1,0.8781,0.9605,-1.6942,2.1363
0.1,-0.8739,-0.9694,2.6619,0.03515,-0.01554,-2.15905,0.0,0.0,1.0,-3.1,0.8739,0.9694,-1.6619,2.1131
0.076528,-0.8802,-0.9749,2.6365,0.01033,-0.02978,-2.24426,0.0,0.0,1.0,-3.1,0.8802,0.9749,-1.6365,2.0984
0.1,-0.8762,-0.986,2.6029,0.01504,-0.02488,-2.29356,0.0,0.0,1.0,-3.1,0.8762,0.986,-1.6029,2.0759
0.099334,-0.869,-0.9898,2.5674,0.01397,-0.04372,-2.34204,0.0,0.0,1.0,-3.1,0.869,0.9898,-1.5674,2.0473
0.1,-0.8676,-1.0015,2.5413,-0.0161,-0.02659,-2.35458,0.0,0.0,1.0,-3.1,0.8676,1.0015,-1.5413,2.0326
0.1,-0.8685,-1.0077,2.5107,-0.03568,-0.01175,-2.40498,0.0,0.0,1.0,-3.1,0.8685,1.0077,-1.5107,2.013
0.1,-0.8718,-1.0127,2.4799,-0.00391,-0.06187,-2.51927,0.0,0.0,1.0,-3.1,0.8718,1.0127,-1.4799,1.9939
0.097404,-0.8757,-1.017,2.4497,0.00041,-0.03521,-2.55195,0.0,0.0,1.0,-3.1,0.8757,1.017,-1.4497,1.9756
0.1,-0.881,-1.0231,2.4221,0.02039,-0.02384,-2.58455,0.0,0.0,1.0,-3.1,0.881,1.0231,-1.4221,1.961
0.1,-0.8868,-1.0273,2.3926,0.05278,-0.03396,-2.63031,0.0,0.0,1.0,-3.1,0.8868,1.0273,-1.3926,1.9445
0.1,-0.8932,-1.0321,2.3642,0.0387,-0.01836,-2.65647,0.0,0.0,1.0,-3.1,0.8932,1.0321,-1.3642,1.9298
0.1,-0.8995,-1.0363,2.3354,0.02373,-0.02576,-2.67862,0.0,0.0,1.0,-3.1,0.8995,1.0363,-1.3354,1.9147
0.1,-0.9063,-1.0393,2.3055,0.03221,-0.01733,-2.68778,0.0,0.0,1.0,-3.1,0.9063,1.0393,-1.3055,1.8989
0.091431,-0.9129,-1.045,2.2785,0.02494,-0.01379,-2.69597,0.0,0.0,1.0,-3.1,0.9129,1.045,-1.2785,1.8868
0.1,-0.9193,-1.0427,2.2431,0.0365,-0.01302,-2.72483,0.0,0.0,1.0,-3.1,0.9193,1.0427,-1.2431,1.8649
0.098578,-0.9248,-1.0496,2.2177,-0.01023,0.02528,-2.70034,0.0,0.0,1.0,-3.1,0.9248,1.0496,-1.2177,1.8546
0.1,-0.9315,-1.0458,2.1826,0.03633,-0.03271,-2.78951,0.0,0.0,1.0,-3.1,0.9315,1.0458,-1.1826,1.833
0.1,-0.9365,-1.0467,2.1517,0.00808,-0.04168,-2.81544,0.0,0.0,1.0,-3.1,0.9365,1.0467,-1.1517,1.8163
0.09808,-0.9409,-1.0466,2.1209,0.02321,-0.03038,-2.81462,0.0,0.0,1.0,-3.1,0.9409,1.0466,-1.1209,1.7992
0.1,-0.9446,-1.0463,2.0898,0.02187,-0.03089,-2.82452,0.0,0.0,1.0,-3.1,0.9446,1.0463,-1.0898,1.7818
0.099228,-0.9479,-1.0459,2.0594,0.01556,-0.03712,-2.83651,0.0,0.0,1.0,-3.1,0.9479,1.0459,-1.0594,1.7649
0.1,-0.9507,-1.0452,2.0286,0.02284,-0.0332,-2.84494,0.0,0.0,1.0,-3.1,0.9507,1.0452,-1.0286,1.7476
0.098669,-0.9535,-1.0439,1.9973,0.03739,-0.03823,-2.85731,0.0,0.0,1.0,-3.1,0.9535,1.0439,-0.9973,1.7302
0.093364,-0.9559,-1.043,1.9658,0.01758,-0.03483,-2.86514,0.0,0.0,1.0,-3.1,0.9559,1.043,-0.9658,1.713
0.098889,-0.9562,-1.0401,1.9352,-0.02609,-0.00933,-2.88345,0.0,0.0,1.0,-3.1,0.9562,1.0401,-0.9352,1.6943
0.1,-0.9525,-1.0302,1.9028,-0.09282,0.04974,-2.88023,0.0,0.0,1.0,-3.1,0.9525,1.0302,-0.9028,1.6684
0.099582,-0.9439,-1.0127,1.8699,-0.08593,0.04695,-2.89809,0.0,0.0,1.0,-3.1,0.9439,1.0127,-0.8699,1.635
0.1,-0.9258,-0.9813,1.8361,-0.1084,0.05471,-2.90241,0.0,0.0,1.0,-3.1,0.9258,0.9813,-0.8361,1.5872
0.1,-0.9024,-0.9416,1.8049,-0.09954,0.05976,-2.90885,0.0,0.0,1.0,-3.1,0.9024,0.9416,-0.8049,1.5326
0.091737,-0.8757,-0.898,1.777,-0.09354,0.04621,-2.92712,0.0,0.0,1.0,-3.1,0.8757,0.898,-0.777,1.4754
0.1,-0.8401,-0.841,1.7463,-0.10796,0.04931,-2.94132,0.0,0.0,1.0,-3.1,0.8401,0.841,-0.7463,1.4036
0.1,-0.7943,-0.7685,1.7117,-0.09751,0.05252,-2.94735,0.0,0.0,1.0,-3.1,0.7943,0.7685,-0.7117,1.3145
0.098879,-0.7471,-0.6954,1.681,-0.10187,0.04666,-2.96995,0.0,0.0,1.0,-3.1,0.7471,0.6954,-0.681,1.227
0.093669,-0.7002,-0.624,1.6534,-0.10365,0.05434,-2.96183,0.0,0.0,1.0,-3.1,0.7002,0.624,-0.6534,1.143
0.1,-0.6369,-0.5296,1.6187,-0.09041,0.06243,-2.97063,0.0,0.0,1.0,-3.1,0.6369,0.5296,-0.6187,1.0338
0.092506,-0.5784,-0.4502,1.589,-0.00648,0.1023,-2.98786,0.0,0.0,1.0,-3.1,0.5784,0.4502,-0.589,0.9402
0.1,-0.5006,-0.358,1.5522,0.09811,0.09369,-3.00544,0.0,0.0,1.0,-3.1,0.5006,0.358,-0.5522,0.8268
0.094764,-0.4321,-0.2894,1.5237,0.12169,0.03954,-3.01408,0.0,0.0,1.0,-3.1,0.4321,0.2894,-0.5237,0.7381
0.1,-0.3502,-0.2203,1.489,0.124,-0.07518,-3.01451,0.0,0.0,1.0,-3.1,0.3502,0.2203,-0.489,0.6405
0.098865,-0.2943,-0.1801,1.4621,0.11603,-0.09889,-3.01422,0.0,0.0,1.0,-3.1,0.2943,0.1801,-0.4621,0.5767
0.1,-0.222,-0.1345,1.4201,0.09696,-0.09934,-3.02839,0.0,0.0,1.0,-3.1,0.222,0.1345,-0.4201,0.4938
0.096211,-0.1744,-0.1075,1.3859,-0.04069,-0.02233,-3.02439,0.0,0.0,1.0,-3.1,0.1744,0.1075,-0.3859,0.4369
0.1,-0.1296,-0.0851,1.3498,-0.02396,-0.0375,-3.03215,0.0,0.0,1.0,-3.1,0.1296,0.0851,-0.3498,0.3826
0.1,-0.0948,-0.0643,1.3188,0.39547,0.30486,-2.87734,0.0,0.0,1.0,-3.1,0.0948,0.0643,-0.3188,0.3387
0.1,-0.0575,-0.049,1.2796,0.00313,-0.05803,-3.05045,0.0,0.0,1.0,-3.1,0.0575,0.049,-0.2796,0.2897
0.1,-0.0268,-0.0365,1.2409,0.04741,-0.04994,-3.06592,0.0,0.0,1.0,-3.1,0.0268,0.0365,-0.2409,0.2451
0.095595,-0.0053,-0.0286,1.2072,0.00981,-0.06827,-3.07333,0.0,0.0,1.0,-3.1,0.0053,0.0286,-0.2072,0.2092
0.098843,0.0121,-0.0234,1.1693,-0.02754,-0.07132,-3.06114,0.0,0.0,1.0,-3.1,-0.0121,0.0234,-0.1693,0.1713
0.092969,0.0217,-0.0209,1.1395,-0.02184,-0.04277,-3.07453,1.0,1.0,2.0,3.1,0.9783,1.0209,0.8605,1.6552
0.092902,0.0278,-0.0193,1.1122,-0.01383,-0.02887,-3.05536,1.0,1.0,2.0,3.1,0.9722,1.0193,0.8878,1.665
0.098441,0.0312,-0.0179,1.0942,-0.03387,-0.00683,-3.05666,1.0,1.0,2.0,3.1,0.9688,1.0179,0.9058,1.6719
0.1,0.0366,-0.0131,1.0904,-0.0821,0.03358,-3.05259,1.0,1.0,2.0,3.1,0.9634,1.0131,0.9096,1.6679
0.1,0.0452,-0.0035,1.0997,-0.07495,0.04029,-3.05196,1.0,1.0,2.0,3.1,0.9548,1.0035,0.9003,1.6521
0.098761,0.0571,0.0136,1.1215,-0.086,0.05049,-3.03963,1.0,1.0,2.0,3.1,0.9429,0.9864,0.8785,1.6229
0.1,0.077,0.0368,1.1495,-0.07209,0.04034,-3.05704,1.0,1.0,2.0,3.1,0.923,0.9632,0.8505,1.5821
0.1,0.1026,0.0666,1.1844,-0.08966,0.05414,-3.05129,1.0,1.0,2.0,3.1,0.8974,0.9334,0.8156,1.5303
0.1,0.1328,0.1015,1.2236,-0.06623,0.05649,-3.06629,1.0,1.0,2.0,3.1,0.8672,0.8985,0.7764,1.4704
0.097259,0.169,0.1411,1.2663,-0.07733,0.05873,-3.07254,1.0,1.0,2.0,3.1,0.831,0.8589,0.7337,1.4024
0.099021,0.2066,0.1871,1.3087,-0.0711,0.06496,-3.07788,1.0,1.0,2.0,3.1,0.7934,0.8129,0.6913,1.3297
0.1,0.2514,0.2221,1.3679,-0.0552,0.04991,-3.1012,1.0,1.0,2.0,3.1,0.7486,0.7779,0.6321,1.251
0.096802,0.3044,0.2888,1.3967,-0.06158,0.06368,-3.11657,1.0,1.0,2.0,3.1,0.6956,0.7112,0.6033,1.1635
0.1,0.3673,0.3518,1.444,-0.07755,0.059,-3.11512,1.0,1.0,2.0,3.1,0.6327,0.6482,0.556,1.0628
0.1,0.4302,0.4127,1.4856,-0.07503,0.06007,-3.11117,1.0,1.0,2.0,3.1,0.5698,0.5873,0.5144,0.9665
0.099981,0.4977,0.4775,1.526,-0.11394,0.07854,-3.10662,1.0,1.0,2.0,3.1,0.5023,0.5225,0.474,0.866
0.090773,0.5592,0.5171,1.5792,-0.06333,0.05327,-3.12853,1.0,1.0,2.0,3.1,0.4408,0.4829,0.4208,0.7775
0.1,0.6406,0.6125,1.6043,0.00118,-0.03068,-3.13236,1.0,1.0,2.0,3.1,0.3594,0.3875,0.3957,0.6602
0.1,0.706,0.6786,1.6435,0.00206,-0.12086,-3.13261,1.0,1.0,2.0,3.1,0.294,0.3214,0.3565,0.5629
0.090735,0.7563,0.7325,1.6771,0.05663,-0.17169,-3.12887,1.0,1.0,2.0,3.1,0.2437,0.2675,0.3229,0.485
0.1,0.8045,0.7922,1.7157,0.04898,-0.14426,3.13733,1.0,1.0,2.0,3.1,0.1955,0.2078,0.2843,0.4028
0.096723,0.8356,0.8409,1.7487,0.04211,-0.09374,-3.13161,1.0,1.0,2.0,3.1,0.1644,0.1591,0.2513,0.3399
0.1,0.8562,0.8819,1.7809,0.07318,-0.10629,-3.13262,1.0,1.0,2.0,3.1,0.1438,0.1181,0.2191,0.2875
0.1,0.8712,0.9139,1.8113,0.11587,-0.09328,-3.11707,1.0,1.0,2.0,3.1,0.1288,0.0861,0.1887,0.2442
0.09925,0.8826,0.9363,1.839,0.11631,-0.03738,-3.12305,1.0,1.0,2.0,3.1,0.1174,0.0637,0.161,0.2092
0.099424,0.8939,0.9495,1.8645,0.07524,-0.01242,-3.12998,1.0,1.0,2.0,3.1,0.1061,0.0505,0.1355,0.1794
